day;is_working;note
2026-01-01;0;Новогодние каникулы
2026-01-02;0;Новогодние каникулы
2026-01-05;0;Новогодние каникулы
2026-01-06;0;Новогодние каникулы
2026-01-07;0;Рождество
2026-01-08;0;Новогодние каникулы
2026-01-09;0;Перенос выходного с 3 января
2026-02-23;0;День защитника Отечества
2026-03-09;0;Перенос выходного с 8 марта (воскресенье)
2026-03-20;0;Ураза-байрам (Республика Татарстан)
2026-05-01;0;Праздник Весны и Труда
2026-05-11;0;Перенос выходного с 9 мая (суббота)
2026-05-27;0;Курбан-байрам (Республика Татарстан)
2026-06-12;0;День России
2026-08-30;0;День Республики Татарстан (воскресенье)
2026-08-31;1;Рабочий день: День Республики Татарстан выпал на воскресенье, дополнительный день отдыха в Республике Татарстан не предоставляется
2026-11-04;0;День народного единства
2026-11-06;0;День Конституции Республики Татарстан
2026-12-31;0;Перенос выходного с 4 января
2027-01-01;0;Новогодние каникулы
2027-01-04;0;Новогодние каникулы
2027-01-05;0;Новогодние каникулы
2027-01-06;0;Новогодние каникулы
2027-01-07;0;Рождество
2027-01-08;0;Новогодние каникулы
2027-02-20;1;Рабочая суббота: выходной перенесён на 22 февраля
2027-02-22;0;Перенос выходного с 20 февраля (суббота)
2027-02-23;0;День защитника Отечества
2027-03-08;0;Международный женский день
2027-03-09;0;Ураза-байрам (Республика Татарстан), предварительная дата ДУМ РТ
2027-05-03;0;Перенос выходного с 1 мая (суббота)
2027-05-10;0;Перенос выходного с 9 мая (воскресенье)
2027-05-16;0;Курбан-байрам (Республика Татарстан), предварительная дата ДУМ РТ, воскресенье
2027-05-17;1;Рабочий день: Курбан-байрам выпадает на воскресенье, дополнительный день отдыха в Республике Татарстан не предоставляется
2027-06-14;0;Перенос выходного с 12 июня (суббота)
2027-08-30;0;День Республики Татарстан
2027-11-04;0;День народного единства
2027-11-05;0;Перенос выходного со 2 января
2027-11-06;0;День Конституции Республики Татарстан (суббота)
2027-11-08;1;Рабочий день: День Конституции Республики Татарстан выпадает на субботу, дополнительный день отдыха в Республике Татарстан не предоставляется
2027-12-31;0;Перенос выходного с 3 января
