slug;parent_slug;name;is_emergency;responsible_type;fix_value;fix_unit;reply_value;reply_unit;basis;advice;synonyms;verify;sort
emergency;;Авария;1;ads;;;;;ПП 416 п. 13: ответ аварийной службы на звонок — не более 5 минут, локализация аварии — не более 30 минут с момента регистрации заявки;Звоните в аварийную службу: ответ за 5 минут, локализация за 30 минут. Заявка не нужна;авария|прорвало|затопило|искрит|газ;0;1
emergency.pipe;emergency;Прорыв трубы, затопление;1;ads;;;;;ПП 416 п. 13: локализация аварии — не более 30 минут с момента регистрации заявки, устранение — не более 3 суток с даты аварии;Перекройте вентиль, если можете, и звоните в АДС;прорвало|течёт сильно|затопило|хлещет;0;1
emergency.gas;emergency;Запах газа;1;ads;;;;;"ПП 410, Правила пользования газом, п. 7: аварийная служба газовой организации работает круглосуточно и выезжает незамедлительно; номер газовой службы — 104 (с городского — 04), единый номер — 112";Не включайте свет и электроприборы, откройте окна, выйдите и звоните 104 (с городского — 04) или 112;газ|пахнет газом;0;2
emergency.power;emergency;Короткое замыкание, искрит проводка;1;ads;;;;;"ПП 416 п. 13: локализация аварии в электросети дома — не более 30 минут с момента регистрации заявки; Госстрой № 170, прил. 2: короткое замыкание — устраняется немедленно";Отключите автомат в щитке, если это безопасно, и звоните в АДС;искрит|замыкание|дым из розетки;0;3
emergency.lift_stuck;emergency;Застрял лифт;1;ads;;;;;"Правила по лифтам (ПП № 1744), п. 19 «ж»: эвакуация людей из остановившейся кабины — не более 30 минут с момента регистрации сообщения; связь с пассажирами лифтов через диспетчерскую — ПП 416 п. 11";Нажмите кнопку связи с диспетчером в кабине и звоните в АДС;застрял в лифте|застряли в лифте;0;4
emergency.sewer;emergency;Засор канализации, стоки в подвале;1;ads;;;;;ПП 416 п. 13: ликвидация засора канализации — в течение 2 часов с момента регистрации заявки, устранение аварии — не более 3 суток;Звоните в АДС;засор|канализация|стоки;0;5
entrance;;Подъезд и дом;0;uk;;;;;;;;0;2
entrance.light;entrance;Не горит свет в подъезде;0;uk;7;days;10;working_days;"Госстрой № 170, прил. 2: неисправности освещения общедомовых помещений — 7 суток; ответ на запрос — ПП 416 п. 36";Укажите подъезд и этаж;темно в подъезде|лампочка|свет в подъезде|не горит свет;0;1
entrance.door;entrance;Входная дверь, доводчик, разбитое стекло;0;uk;1;days;10;working_days;"Госстрой № 170, прил. 2: входные двери в подъездах — 1 сутки; разбитые стёкла — 1 сутки зимой, 3 суток летом";Стекло летом — до 3 суток;дверь|доводчик|стекло разбито;0;2
entrance.cleaning;entrance;Уборка подъезда;0;uk;;;10;working_days;"ПП 416 п. 36: ответ на запрос — 10 рабочих дней; уборка подъезда входит в минимальный перечень работ — ПП 290 п. 23";Напишите, когда убирали в последний раз;грязно|не убирают|уборка;0;3
entrance.chute;entrance;Мусоропровод;0;uk;1;days;10;working_days;Госстрой № 170, прил. 2: неисправности мусоропровода — 1 сутки;;мусоропровод;0;4
water;;Вода;0;uk;;;;;;;;0;3
water.cold_none;water;Нет холодной воды во всём доме;0;rso_cold;4;hours;3;working_days;"ПП 354, прил. 1, п. 1: перерыв подачи холодной воды не более 4 часов подряд и 8 часов суммарно в месяц; сверх этого — перерасчёт";Это допустимая длительность перерыва, а не срок заявки. Если воды нет только у вас — это стояк, заявку возьмёт организация дома;нет воды|отключили воду|нет холодной воды;0;1
water.hot_none;water;Нет горячей воды;0;rso_hot;4;hours;3;working_days;"ПП 354, прил. 1, п. 4: перерыв не более 4 часов подряд и 8 часов в месяц; при аварии на тупиковой магистрали — до 24 часов подряд";Это допустимая длительность перерыва, а не срок заявки;нет горячей воды|горячая вода;0;2
water.pressure;water;Слабый напор или ржавая вода;0;uk;;;3;working_days;ПП 354 п. 31 «к»: ответ на жалобу о качестве — 3 рабочих дня;Приложите фото, если вода с цветом;напор|ржавая вода|жёлтая вода;0;3
water.leak;water;Капает труба или стояк в подвале (не авария);0;uk;1;days;10;working_days;"Госстрой № 170, п. 2.2.6: устранение неисправности организуется не позднее следующего дня; при разгерметизации — незамедлительно (ПП 290 п. 18)";Если течёт сильно или хлещет — это авария, звоните в АДС;капает|подтекает|течёт труба;0;4
heat;;Отопление;0;uk;;;;;;;;0;4
heat.cold;heat;Холодные батареи при работающей котельной;0;rso_heat;16;hours;3;working_days;"ПП 354, прил. 1, п. 14: перерыв отопления не более 24 часов суммарно в месяц; подряд — 16 часов при температуре в квартире от +12 °C, 8 часов при +10…+12 °C, 4 часа при +8…+10 °C; норма температуры +18 °C (п. 15)";Укажите температуру в квартире, если есть термометр;холодно|не греют батареи|холодные батареи|нет отопления;0;1
heat.leak;heat;Капает батарея или труба отопления (не авария);0;uk;1;days;10;working_days;"Госстрой № 170, п. 2.2.6: устранение неисправности организуется не позднее следующего дня; при разгерметизации — незамедлительно (ПП 290 п. 18)";Подставьте ёмкость, если течь сильная — звоните в АДС;течёт батарея|капает батарея;0;2
power;;Электричество;0;uk;;;;;;;;0;5
power.house;power;Нет электричества во всём доме;0;rso_power;24;hours;3;working_days;ПП 354, прил. 1, п. 9: перерыв электроснабжения — не более 24 часов при одном источнике питания и не более 2 часов при двух независимых;Если нет света только у вас — проверьте автомат в щитке;нет света в доме|отключили свет|нет электричества;0;1
power.floor;power;Нет света на этаже, в подвале, у лифта;0;uk;7;days;10;working_days;"Госстрой № 170, прил. 2: освещение общедомовых помещений — 7 суток; автоматы защиты стояков и вводно-распределительное устройство — 3 часа";;нет света на этаже;0;2
lift;;Лифт;0;lift;;;;;;;;0;6
lift.broken;lift;Лифт не работает (никто не застрял);0;lift;24;hours;10;working_days;Правила организации безопасного использования и содержания лифтов (ПП № 1744 от 20.10.2023), п. 17 «з»: устранение неисправности — не более 24 часов с момента остановки лифта;Если в кабине есть люди — это авария, звоните в АДС;лифт не работает|лифт стоит|сломался лифт;0;1
lift.noise;lift;Лифт шумит, дёргается, не закрываются двери;0;lift;;;10;working_days;ПП 416 п. 36;;лифт дёргается|лифт шумит;0;2
waste;;Мусор;0;tko;;;;;;;;0;7
waste.not_removed;waste;Не вывезли мусор с площадки;0;tko;1;days;10;working_days;СанПиН 2.1.3684-21, п. 11: срок накопления несортированных отходов на площадке — не более 1 суток при среднесуточной температуре +5 °C и выше, не более 3 суток при +4 °C и ниже;;не вывезли мусор|мусор не вывозят|переполнены баки;0;1
waste.site;waste;Сломана или грязная контейнерная площадка;0;uk;;;10;working_days;"ПП 491 п. 11 «д(2)»: содержание площадки — организация дома, срока устранения норматив не задаёт; ответ на запрос — ПП 416 п. 36";Уборка места погрузки при вывозе — зона регионального оператора;площадка|контейнерная площадка;0;2
intercom;;Домофон и двери;0;intercom;;;;;;;;0;8
intercom.broken;intercom;Не работает домофон;0;intercom;;;10;working_days;"Договор обслуживания домофона; ответ на запрос — ПП 416 п. 36";Укажите подъезд;домофон|не работает домофон|не открывает домофон;0;1
roof;;Кровля и стены;0;uk;;;;;;;;0;9
roof.leak;roof;Протечка кровли;0;uk;1;days;10;working_days;Госстрой № 170, прил. 2: протечки в отдельных местах кровли — 1 сутки;Сфотографируйте потолок или стену;протечка|течёт крыша|течёт потолок;0;1
roof.facade;roof;Трещины, разрушение фасада или козырька;0;uk;;;10;working_days;ПП 416 п. 36;;фасад|козырёк|трещина;0;2
other;;Другое;0;uk;;;;;;;;0;10
other.quality;other;Жалоба на качество коммунальной услуги;0;uk;;;3;working_days;ПП 354 п. 31 «к»;Опишите, какая услуга и с какого числа;качество;0;1
other.request;other;Другой запрос в организацию;0;uk;;;10;working_days;ПП 416 п. 36;;;0;2
other.capital;other;Вопрос по капремонту;0;uk;;;10;working_days;"ПП 416 п. 36: ответ организации дома на запрос — 10 рабочих дней; если фонд капремонта на счёте регионального оператора, ремонт в сроки региональной программы проводит он (ЖК РФ ст. 182 ч. 1)";Сроки и программу капремонта смотрите у Фонда ЖКХ РТ: fgkh.tatar;капремонт|капитальный ремонт;0;3
other.yard;other;Двор, детская площадка, уличное освещение;0;municipal;;;30;days;59-ФЗ, ст. 12 ч. 1: письменное обращение в орган местного самоуправления рассматривается 30 дней со дня регистрации;Часть двора может быть в общем имуществе дома — уточните у организации;двор|площадка|фонарь|уличное освещение;0;4
