type;name;phone;url;note
rso_cold;МУП «Водоканал» г. Казани;+7 843 231-62-60;https://kznvodokanal.ru;Аварийно-диспетчерская служба, телефон с официального сайта, проверено 26.09.2026
rso_hot;Теплоснабжающая организация по дому (Татэнерго или Казэнерго);;;Зависит от дома, смотрите квитанцию
rso_heat;Теплоснабжающая организация по дому (Татэнерго или Казэнерго);;;Зависит от дома, смотрите квитанцию
rso_power;АО «Татэнергосбыт»;8 800 200-25-26;https://tatenergosbyt.ru;Контактный центр, телефон с официального сайта, проверено 26.09.2026
tko;ООО «УК «ПЖКХ» — региональный оператор ТКО (западная зона РТ);+7 843 260-02-40;https://ukpgkh.ru;Контактный центр, телефон с официального сайта, проверено 26.09.2026
lift;Лифтовая организация по договору дома;;;Телефон уточняется в организации дома
intercom;Домофонная компания по договору дома;;;Телефон уточняется в организации дома
municipal;Администрация района / «Открытая Казань»;+7 843 236-41-23;https://open.kzn.ru;На сайте номер указан для аварийных заявок, остальные обращения через сайт, телефон с официального сайта, проверено 26.09.2026
capital_repair;НО «Фонд ЖКХ Республики Татарстан»;+7 843 236-25-93;https://fgkh.tatar;Горячая линия, телефон с официального сайта, проверено 26.09.2026
